{"default_accuracy_n": 0.5079365079365079, "overall_loss": [15361.2, 9444.4, 6271.8, 5200.8, 5025.8, 3968.4, 3465.2, 3482.6, 3546.0, 3439.6, 3092.2, 3213.4, 2995.4, 2457.4, 2801.0, 2759.8, 2099.0, 1998.6, 1826.0, 2071.2, 1849.8, 1883.2, 2132.4, 2168.4, 1807.6, 1982.8, 2072.8, 2069.2, 1752.4, 2354.6, 1914.4, 1405.0, 1572.8, 1309.4, 1046.2, 1142.2, 1004.8, 966.4, 941.0, 893.6, 871.4, 829.4, 774.4, 743.0, 665.8, 676.4, 657.0, 647.6, 591.0, 571.8], "overall_accuracy_n": [0.5782967032967032, 0.5782967032967032, 0.5550849150849151, 0.6057675657675657, 0.5763702963702964, 0.7579487179487179, 0.6947452547452547, 0.7730402930402931, 0.7730402930402931, 0.6629270729270729, 0.728018648018648, 0.7825641025641026, 0.7020879120879121, 0.7193606393606393, 0.7825641025641026, 0.7574725274725276, 0.7915634365634365, 0.8360439560439559, 0.9110439560439559, 0.7220879120879122, 0.872948717948718, 0.7506593406593407, 0.8730402930402932, 0.8325641025641026, 0.6351348651348652, 0.8730402930402932, 0.8480402930402932, 0.7165201465201465, 0.8356110556110556, 0.878901098901099, 0.7565201465201465, 0.8356110556110556, 0.9016117216117217, 0.9265201465201465, 0.9110439560439559, 0.8814985014985016, 0.936043956043956, 0.936043956043956, 0.9265201465201465, 0.9110439560439559, 0.936043956043956, 0.9455677655677655, 0.9110439560439559, 0.936043956043956, 0.936043956043956, 0.8360439560439559, 0.9110439560439559, 0.9110439560439559, 0.9110439560439559, 0.9110439560439559]}