{"default_accuracy_n": 0.5079365079365079, "overall_loss": [14801.0, 9684.2, 10162.2, 6993.0, 4982.0, 4811.2, 3752.6, 3400.6, 2686.6, 2996.6, 2258.0, 1145.4, 1022.8, 926.2, 732.8, 729.4, 616.6, 628.0, 636.0, 754.4, 807.8, 751.2, 673.2, 597.2, 612.2, 612.6, 549.2, 558.0, 665.4, 532.4, 381.4, 388.6, 867.6, 957.8, 1198.0, 729.8, 2196.4, 2439.6, 2172.8, 2087.4, 4473.6, 2472.6, 1053.0, 1078.6, 803.4, 823.0, 1671.2, 973.4, 1100.0, 1325.2], "overall_accuracy_n": [0.5782967032967032, 0.47829670329670326, 0.5766983016983017, 0.6259157509157509, 0.5367199467199468, 0.6807409257409257, 0.6898318348318349, 0.6301998001998002, 0.782039627039627, 0.8193772893772895, 0.8487928737928738, 0.872948717948718, 0.8314768564768565, 0.896043956043956, 0.9110439560439559, 0.8750915750915752, 0.955091575091575, 0.9646153846153848, 0.8910223110223111, 0.8255677655677655, 0.8750915750915752, 0.8465201465201465, 0.8678404928404928, 0.9750915750915752, 0.955091575091575, 0.9405677655677656, 0.8846153846153847, 0.9005461205461206, 0.915091575091575, 0.856043956043956, 0.9655677655677655, 0.8646153846153848, 0.8737062937062937, 0.8701831501831503, 0.8250915750915752, 0.9646153846153848, 0.6735164835164834, 0.7819314019314019, 0.7208424908424909, 0.8013186813186813, 0.7663736263736263, 0.7505894105894105, 0.8651831501831502, 0.8574558774558774, 0.936043956043956, 0.8591824841824842, 0.8000732600732601, 0.9310439560439561, 0.8641824841824842, 0.8711355311355311]}